{
    "243122-2436000014": {
        "nu_energy": 8070.68701171875,
        "q2": 1174135.0,
        "mom": 4797.13427734375,
        "ang": 10.133469581604004,
        "vtx_x": 47.535919189453125,
        "vtx_y": 83.10272216796875,
        "vtx_z": 48.21784973144531
    },
    "798048-7982000016": {
        "nu_energy": 6013.64404296875,
        "q2": 272572.0,
        "mom": 4498.76708984375,
        "ang": 5.67885684967041,
        "vtx_x": 20.890926361083984,
        "vtx_y": 14.199543952941895,
        "vtx_z": -27.38299560546875
    },
    "518096-5184000058": {
        "nu_energy": 5940.1513671875,
        "q2": 831639.25,
        "mom": 4002.017333984375,
        "ang": 10.720913887023926,
        "vtx_x": -3.0552546977996826,
        "vtx_y": -5.882491111755371,
        "vtx_z": 40.66189956665039
    },
    "518098-5184000071": {
        "nu_energy": 5780.951171875,
        "q2": 949556.0,
        "mom": 2670.75390625,
        "ang": 14.303763389587402,
        "vtx_x": -47.27259063720703,
        "vtx_y": -8.594840049743652,
        "vtx_z": -19.433246612548828
    },
    "281122-2816000039": {
        "nu_energy": 14838.1689453125,
        "q2": 1558511.5,
        "mom": 12340.3115234375,
        "ang": 5.312346458435059,
        "vtx_x": 22.022838592529297,
        "vtx_y": -5.503597259521484,
        "vtx_z": -60.901309967041016
    },
    "126033-1261000055": {
        "nu_energy": 7224.69287109375,
        "q2": 1461976.0,
        "mom": 5165.98828125,
        "ang": 11.307804107666016,
        "vtx_x": 11.683858871459961,
        "vtx_y": 78.82649230957031,
        "vtx_z": -62.8148307800293
    },
    "742134-7426000077": {
        "nu_energy": 6405.6259765625,
        "q2": 684792.75,
        "mom": 5081.8388671875,
        "ang": 8.198912620544434,
        "vtx_x": 56.58562088012695,
        "vtx_y": 78.73806762695312,
        "vtx_z": 40.733577728271484
    },
    "917120-9175000074": {
        "nu_energy": 5149.43798828125,
        "q2": 1658736.0,
        "mom": 2259.21923828125,
        "ang": 21.52865982055664,
        "vtx_x": 3.2000479698181152,
        "vtx_y": 78.21338653564453,
        "vtx_z": -43.952823638916016
    },
    "125150-1257000051": {
        "nu_energy": 6027.1943359375,
        "q2": 611504.75,
        "mom": 3993.788818359375,
        "ang": 9.118631362915039,
        "vtx_x": 54.19649887084961,
        "vtx_y": 56.20181655883789,
        "vtx_z": 20.94138526916504
    },
    "962113-9626000008": {
        "nu_energy": 9510.33203125,
        "q2": 941116.25,
        "mom": 8153.51611328125,
        "ang": 6.299522399902344,
        "vtx_x": 34.561561584472656,
        "vtx_y": 14.057928085327148,
        "vtx_z": 17.193336486816406
    },
    "401038-4011000054": {
        "nu_energy": 18687.806640625,
        "q2": 621221.25,
        "mom": 17110.595703125,
        "ang": 2.5127923488616943,
        "vtx_x": -56.639225006103516,
        "vtx_y": 51.16971206665039,
        "vtx_z": 64.88699340820312
    },
    "585176-5858000054": {
        "nu_energy": 4472.9697265625,
        "q2": 98995.25,
        "mom": 3383.26123046875,
        "ang": 4.625248432159424,
        "vtx_x": 9.933829307556152,
        "vtx_y": 49.48792266845703,
        "vtx_z": -5.070590972900391
    },
    "570049-5702000007": {
        "nu_energy": 13499.63671875,
        "q2": 2610291.0,
        "mom": 10192.1015625,
        "ang": 7.96316385269165,
        "vtx_x": 16.687524795532227,
        "vtx_y": 113.87467193603516,
        "vtx_z": -47.598087310791016
    },
    "864017-8640000074": {
        "nu_energy": 8231.654296875,
        "q2": 16594.1875,
        "mom": 7459.59716796875,
        "ang": 0.8877931237220764,
        "vtx_x": 47.08371353149414,
        "vtx_y": 7.433899402618408,
        "vtx_z": -50.2598876953125
    },
    "390183-3908000066": {
        "nu_energy": 9019.3330078125,
        "q2": 2159135.5,
        "mom": 6535.7109375,
        "ang": 10.986197471618652,
        "vtx_x": 43.96729278564453,
        "vtx_y": -11.140342712402344,
        "vtx_z": 11.904637336730957
    },
    "315097-3154000051": {
        "nu_energy": 5610.5302734375,
        "q2": 491874.25,
        "mom": 4458.8818359375,
        "ang": 8.105033874511719,
        "vtx_x": -58.32612991333008,
        "vtx_y": -0.35172557830810547,
        "vtx_z": -40.707183837890625
    },
    "566108-5664000083": {
        "nu_energy": 15803.5302734375,
        "q2": 4197176.0,
        "mom": 10752.34765625,
        "ang": 9.071187019348145,
        "vtx_x": 50.1318473815918,
        "vtx_y": 83.38744354248047,
        "vtx_z": 54.732940673828125
    },
    "566121-5665000026": {
        "nu_energy": 4421.466796875,
        "q2": 2638571.5,
        "mom": 1529.076416015625,
        "ang": 36.290496826171875,
        "vtx_x": 32.183616638183594,
        "vtx_y": 94.79991149902344,
        "vtx_z": -60.920875549316406
    },
    "681063-6812000073": {
        "nu_energy": 14395.681640625,
        "q2": 1273616.0,
        "mom": 3851.12841796875,
        "ang": 8.556828498840332,
        "vtx_x": 3.3414199352264404,
        "vtx_y": 43.51722717285156,
        "vtx_z": 65.00074768066406
    },
    "325107-3255000034": {
        "nu_energy": 6569.28466796875,
        "q2": 1230120.25,
        "mom": 4830.81201171875,
        "ang": 11.277668952941895,
        "vtx_x": 30.405044555664062,
        "vtx_y": -12.348641395568848,
        "vtx_z": 13.598051071166992
    },
    "181053-1812000065": {
        "nu_energy": 8027.8486328125,
        "q2": 1125738.0,
        "mom": 4799.58447265625,
        "ang": 9.7969331741333,
        "vtx_x": -45.57085037231445,
        "vtx_y": 19.944787979125977,
        "vtx_z": -54.19243240356445
    },
    "677048-6772000001": {
        "nu_energy": 4793.24560546875,
        "q2": 639247.5,
        "mom": 2478.470458984375,
        "ang": 13.266291618347168,
        "vtx_x": 63.53653335571289,
        "vtx_y": 80.84333038330078,
        "vtx_z": -38.696651458740234
    },
    "745074-7453000054": {
        "nu_energy": 56438.22265625,
        "q2": 6032800.0,
        "mom": 34297.2421875,
        "ang": 3.1287519931793213,
        "vtx_x": 10.091910362243652,
        "vtx_y": 108.82635498046875,
        "vtx_z": 53.490962982177734
    },
    "516024-5161000004": {
        "nu_energy": 3796.309814453125,
        "q2": 183198.5,
        "mom": 2403.230224609375,
        "ang": 7.958577632904053,
        "vtx_x": 43.45025634765625,
        "vtx_y": -6.713481903076172,
        "vtx_z": 64.34185028076172
    },
    "305152-3057000059": {
        "nu_energy": 6179.8232421875,
        "q2": 1287836.0,
        "mom": 3412.1904296875,
        "ang": 14.119645118713379,
        "vtx_x": -45.86553955078125,
        "vtx_y": 97.01422119140625,
        "vtx_z": -27.316669464111328
    },
    "733124-7335000027": {
        "nu_energy": 11422.7744140625,
        "q2": 162970.0,
        "mom": 8441.283203125,
        "ang": 2.3343100547790527,
        "vtx_x": -24.57830810546875,
        "vtx_y": 17.420202255249023,
        "vtx_z": 8.54666805267334
    },
    "9157-97000049": {
        "nu_energy": 5141.671875,
        "q2": 18046.390625,
        "mom": 4764.56982421875,
        "ang": 1.5279029607772827,
        "vtx_x": 2.8409831523895264,
        "vtx_y": 20.02692985534668,
        "vtx_z": 48.526893615722656
    },
    "892071-8923000066": {
        "nu_energy": 12869.6708984375,
        "q2": 1243047.0,
        "mom": 11407.8515625,
        "ang": 5.2954630851745605,
        "vtx_x": 57.57461166381836,
        "vtx_y": 59.04702377319336,
        "vtx_z": 14.128331184387207
    },
    "661048-6612000036": {
        "nu_energy": 7607.30419921875,
        "q2": 2027299.0,
        "mom": 4540.12255859375,
        "ang": 13.910246849060059,
        "vtx_x": 13.387304306030273,
        "vtx_y": 109.15052032470703,
        "vtx_z": 20.722454071044922
    },
    "661056-6612000058": {
        "nu_energy": 21783.29296875,